30755	Турбонаддув КУППЕР (1.1)	https://www.teplodar.ru/catalog/detail/turbonadduv_kupper/	Паспорт	https://www.teplodar.ru/upload/iblock/279/d5sir4gv4oupcln6j4l801y9g6hdngdn/Pasport-EcoMAX-050.pdf
33129	Крышка чаши костровой Оникс С	https://www.teplodar.ru/catalog/detail/kryshka-kostrovoy-chashi-oniks-s/	Руководство Крышка чаши костровой Оникс S (ред 20.09.24)	https://www.teplodar.ru/upload/iblock/d22/swt1yutschdpk5crmt4st9qe6isq9vyj/Rukovodstvo-Kryshka-chashi-kostrovoy-Oniks-S-_red-20.09.24_.pdf
31040	Дефлектор d115	https://www.teplodar.ru/catalog/detail/deflektor-d115_/	Руководство на дефлектор	https://www.teplodar.ru/upload/iblock/45f/3izck1otgewj920xse6o4krp6fzmfjp5/Rukovodstvo-na-deflektor.pdf
31043	Дефлектор d150	https://www.teplodar.ru/catalog/detail/deflektor-d150_/	Руководство на дефлектор	https://www.teplodar.ru/upload/iblock/95f/6td87hb0fco4gufmb38t70uegos0cpk3/Rukovodstvo-na-deflektor.pdf
31046	Дефлектор d200	https://www.teplodar.ru/catalog/detail/deflektor-d200_/	Руководство на дефлектор	https://www.teplodar.ru/upload/iblock/2b0/thtsxb4xlc3j31sitz9n9vl9icrtondo/Rukovodstvo-na-deflektor.pdf
31041	Дефлектор-заглушка d115	https://www.teplodar.ru/catalog/detail/deflektor-zaglushka-d115-200-2/	Руководство на дефлектор	https://www.teplodar.ru/upload/iblock/b5f/yyn0x51ai0gg3dvmkh4fh21w0ay7mznt/Rukovodstvo-na-deflektor.pdf
31044	Дефлектор-заглушка d150	https://www.teplodar.ru/catalog/detail/deflektor-zaglushka-d150-200-2/	Руководство на дефлектор	https://www.teplodar.ru/upload/iblock/a87/a4xs3r9t8ito1hupn92u8e42i9z2x7dj/Rukovodstvo-na-deflektor.pdf
31047	Дефлектор-заглушка d200	https://www.teplodar.ru/catalog/detail/deflektor-zaglushka-d200-280-2/	Руководство на дефлектор	https://www.teplodar.ru/upload/iblock/74a/2czp7ap344q2ymc4s4jel5ywre6ilz1i/Rukovodstvo-na-deflektor.pdf
30786	Датчик комнатной температуры КОМФОРТ АКВА (COMFORT AQUA)	https://www.teplodar.ru/catalog/detail/datchik-komnatnoy-temperatury-comfort-aqua/	Руководство пульт ПУВН-10	https://www.teplodar.ru/upload/iblock/0b4/ot4gq4wubea8x5lw2eh7yy6bhv3bvb7i/ce9be443fddcd7a42f6879b1646c6929.pdf
30789	Модуль GSM для удаленного управления пультами Комфорт (Comfort)	https://www.teplodar.ru/catalog/detail/modul-gsm-dlya-udalennogo-upravleniya-pultami-comfort/	Руководство пульт ПУВН-10	https://www.teplodar.ru/upload/iblock/36b/2wm1wur9h8vxru5gk1lmomu9xdebgx2w/ce9be443fddcd7a42f6879b1646c6929.pdf
30785	Пульт управления ТЭН котла Комфорт АКВА (Comfort AQUA)	https://www.teplodar.ru/catalog/detail/pult-upravleniya-ten-kotla-comfort-aqua/	Руководство пульт ПУВН-10	https://www.teplodar.ru/upload/iblock/b48/7smkifnhy95gxroizxchwypxv99gkoe3/ce9be443fddcd7a42f6879b1646c6929.pdf
30784	Пульт управления ТЭН котла Норма АКВА (Norma AQUA)	https://www.teplodar.ru/catalog/detail/pult-upravleniya-ten-kotla-norma-aqua/	Руководство пульт ПУВН-10	https://www.teplodar.ru/upload/iblock/f7a/nzld7zjbw9di9s6rfbhada5a2wd0uh0z/ce9be443fddcd7a42f6879b1646c6929.pdf
7860	Отопительный котел Куппер ОК-9 (2.0)	https://www.teplodar.ru/catalog/detail/kupper-ok-9-2-0/	Схема подключения блока ТЭН	https://www.teplodar.ru/upload/iblock/2e8/Skhema-podklyucheniya-bloka-TEN.pdf
7328	Твердотопливный котел Куппер ПРАКТИК-16 В	https://www.teplodar.ru/catalog/detail/kupper-praktik-16-v/	Схема подключения блока ТЭН	https://www.teplodar.ru/upload/iblock/598/Skhema-podklyucheniya-bloka-TEN.pdf
28734	Твердотопливный котел Куппер ПРО Турбо 16	https://www.teplodar.ru/catalog/detail/kupper-pro-turbo-16-1-1/	Схема подключения блока ТЭН	https://www.teplodar.ru/upload/iblock/c11/Skhema-podklyucheniya-bloka-TEN.pdf
4692	Твердотопливный котел Куппер ПРО-22 (2.0)	https://www.teplodar.ru/catalog/detail/kupper-pro-22-2-0/	Схема подключения блока ТЭН	https://www.teplodar.ru/upload/iblock/0be/Skhema-podklyucheniya-bloka-TEN.pdf
13964	Твердотопливный котел Куппер ЭКСПЕРТ-15 (2.0)	https://www.teplodar.ru/catalog/detail/kupper-ekspert-15-2-0/	Схема подключения блока ТЭН	https://www.teplodar.ru/upload/iblock/db4/Skhema-podklyucheniya-bloka-TEN.pdf
